1,New York, NY
2,New York, NY 10012 (Little Italy area)
3,United States,NA
4,New York, NY
5,New York, NY
6,New York, NY
7,New York, NY 10022 (Midtown area)
8,New York, NY
9,New York, NY
10,New York, NY
11,Jersey City, NJ
12,New York, NY 10003 (Greenwich Village area)
13,New York, NY 10017 (Midtown area)
14,New York, NY 10018 (Clinton area)
15,New York, NY 10018 (Clinton area)
16,New York, NY
17,New York, NY
18,New York, NY
19,New York, NY
20,New York, NY
21,New York, NY
22,New York, NY
23,San Francisco, CA
24,New York, NY
25,San Jose, CA
26,Edison, NJ
27,Atlanta, GA
28,Menlo Park, CA
29,Plano, TX
30,New York, NY
31,Menlo Park, CA
32,Plano, TX
33,New York, NY
34,Aliso Viejo, CA
35,Hillsboro, OR 97124
36,Chicago, IL
37,New York, NY 10154 (Midtown area)
38,Sparks, NV
39,Palo Alto, CA
40,Waltham, MA
41,Chicago, IL
42,Washington, DC
43,Palo Alto, CA
44,New York, NY
45,Denver, CO
46,San Francisco, CA
47,New York, NY 10011 (Chelsea area)
48,Santa Clara Valley, CA
49,Boulder, CO
50,San Jose, CA
51,Princeton, NJ
52,Bellevue, WA 98004 (Downtown area)
53,New York, NY 10016 (Gramercy area)
54,New York, NY 10016 (Gramercy area)
55,Washington, DC
56,Louisville, KY
57,New York, NY
58,New York, NY 10011 (Chelsea area)
59,San Diego, CA 92129
60,New York, NY
61,Bellevue, WA
62,New York, NY 10001 (Chelsea area)
63,Flushing, NY
64,New York, NY 10018 (Clinton area)
65,United States,NA
66,San Antonio, TX
67,Beaverton, OR 97008 (Greenway area)
68,New York, NY
69,Camp Lejeune, NC
70,Menlo Park, CA
71,New York, NY
72,Flushing, NY
73,New York, NY 10001 (Chelsea area)
74,New York, NY
75,New York, NY 10018 (Clinton area)
76,San Francisco, CA 94103 (South Of Market area)
77,Flushing, NY
78,Little Rock, AR
79,New York, NY
80,Washington, DC
81,Los Angeles, CA
82,Houston, TX 77079 (West Houston area)
83,Lexington, KY
84,Kansas City, MO
85,Waltham, MA
86,Waltham, MA
87,Washington, DC
88,United States,NA
89,Sunnyvale, CA
90,Arlington, VA
91,Santa Clara, CA
92,San Francisco, CA 94103 (South Of Market area)
93,Miami, FL 33127 (Model City area)
94,Los Angeles, CA
95,St Petersburg Beach, FL
96,Des Moines, IA
97,Springfield, VA
98,Springfield, VA
99,Bellevue, WA 98004 (Downtown area)
100,Princeton, NJ
101,New York, NY 10001 (Chelsea area)
102,New York, NY 10282 (Tribeca area)
103,New York, NY
104,New York, NY
105,Pittsburgh, PA
106,Bronx, NY 10453 (Morris Heights area)
107,Auburn Hills, MI
108,San Diego, CA 92122
109,Beaverton, OR
110,Nashville, TN 37214
111,San Carlos, CA 94070
112,American Fork, UT 84003
113,Chicago, IL
114,Boston, MA
115,San Francisco, CA
116,New York, NY 10016 (Gramercy area)
117,Chicago, IL
118,Rochester, NY 14623
119,Windsor, CT
120,Palo Alto, CA 94301 (Professorville area)
121,Chicago, IL
122,Boston, MA
123,San Francisco, CA
124,New York, NY 10016 (Gramercy area)
125,Chicago, IL
126,Rochester, NY 14623
127,Windsor, CT
128,Palo Alto, CA 94301 (Professorville area)
129,New York, NY
130,New York, NY 10036
131,New York, NY 10036
132,Springfield, VA
133,Milpitas, CA 95035
134,New York, NY 10016 (Gramercy area)
135,Arlington, VA
136,United States,NA
137,Minneapolis, MN
138,Mountain View, CA 94043
139,Houston, TX
140,Springfield, VA
141,New York, NY
142,New York, NY 10001 (Chelsea area)
143,New York, NY
144,Woodland Hills, CA 91367
145,Salt Lake City, UT
146,Chicago, IL 60603 (Loop area)
147,Plano, TX
148,San Francisco, CA 94126 (Financial District area)
149,New York, NY
150,New York, NY
151,Plano, TX
152,San Francisco, CA 94126 (Financial District area)
153,New York, NY
154,Palo Alto, CA 94303 (Duveneck-Saint Francis area)
155,Cincinnati, OH 45236
156,Norwalk, CT 06854
157,Sausalito, CA
158,San Francisco, CA
159,Chicago, IL
160,Chicago, IL
161,Chicago, IL
162,San Carlos, CA
163,San Diego, CA
164,New York, NY 10016 (Gramercy area)
165,Sunnyvale, CA 94089
166,Bellevue, WA
167,Rockville, MD 20850
168,San Jose, CA
169,Dallas, TX
170,San Francisco, CA
171,Salt Lake City, UT
172,Chicago, IL
173,Plymouth Meeting, PA
174,Santa Barbara, CA
175,Miami, FL
176,Chantilly, VA
177,Austin, TX
178,Santa Clara, CA
179,St. Louis, MO
180,Plymouth Meeting, PA 19462
181,Santa Clara, CA
182,St. Louis, MO
183,Plymouth Meeting, PA 19462
184,Herndon, VA
185,Andover, MA 01810
186,Phoenix, AZ
187,San Francisco, CA
188,Pleasanton, CA
189,Atlanta, GA
190,San Francisco, CA
191,Arlington, VA
192,Jackson, MS
193,Tampa, FL 33609 (Swann Estates area)
194,Los Angeles, CA
195,Chantilly, VA
196,Gaithersburg, MD
197,Boca Raton, FL
198,Falls Church, VA
199,St. Louis, MO
200,United States,NA
201,Providence, RI
202,Irvine, CA
203,San Bruno, CA 94066
204,Los Angeles, CA
205,Redwood City, CA 94065
206,Cambridge, MA
207,El Segundo, CA
208,San Mateo, CA
209,McLean, VA
210,Herndon, VA
211,Broken Bow, NE
212,Oakland, CA
213,San Diego, CA
214,San Jose, CA
215,United States,NA
216,Raleigh, NC
217,Southfield, MI
218,New York, NY
219,Woburn, MA
220,Los Angeles, CA
221,Broken Bow, NE
222,Oakland, CA
223,San Diego, CA
224,San Jose, CA
225,United States,NA
226,Raleigh, NC
227,Southfield, MI
228,Woburn, MA
229,Los Angeles, CA
230,Albany, NY
231,Dallas, TX
232,San Francisco, CA 94105 (Financial District area)
233,New York, NY
234,Remote,NA
235,Mountain View, CA 94043
236,Denver, CO 80202 (Lodo area)
237,Boston, MA 02109 (Central area)
238,Austin, TX 78759 (Arboretum area)
239,South San Francisco, CA 94080
240,Aurora, CO
241,Philadelphia, PA
242,San Antonio, TX 78205 (Downtown area)
243,San Francisco, CA 94103 (South Of Market area)
244,Dover, NH
245,New York, NY
246,Louisville, KY
247,Cambridge, MA
248,New York, NY
249,New York, NY 10038 (Financial District area)
250,New York, NY
251,New York, NY 10038 (Financial District area)
252,Cambridge, MA
253,New York, NY
254,New York, NY
255,Redmond, WA 98052
256,New York, NY 10179 (Midtown area)
257,New York, NY
258,Cleveland, OH
259,St. Louis, MO
260,Dallas, TX
261,Charlotte, NC
262,New York, NY
263,Waltham, MA
264,Bozeman, MT
265,Broomfield, CO
266,Reston, VA
267,O'Fallon, MO
268,San Francisco, CA 94105 (Financial District area)
269,Dearborn, MI 48121
270,Norwalk, CT
271,Cleveland, OH
272,Emeryville, CA
273,Redwood City, CA 94065
274,Irvine, CA
275,Santa Monica, CA
276,Redwood City, CA
277,Greenville, SC
278,Des Moines, IA
279,Seattle, WA
280,San Diego, CA
281,Dearborn, MI 48121
282,Louisville, KY
283,Norwalk, CT
284,New York, NY
285,New York, NY 10022 (Midtown area)
286,Cleveland, OH
287,Emeryville, CA
288,Redwood City, CA 94065
289,Irvine, CA
290,Santa Monica, CA
291,Redwood City, CA 94065
292,Irvine, CA
293,Santa Monica, CA
294,Redwood City, CA
295,Greenville, SC
296,Des Moines, IA
297,San Francisco, CA
298,Seattle, WA
299,San Diego, CA
300,San Jose, CA
301,Cambridge, MA
302,Providence, RI
303,East Hartford, CT 06108
304,Chantilly, VA
305,New York, NY 10011 (Chelsea area)
306,Washington, DC 20005 (Logan Circle area)
307,Little Rock, AR
308,Santa Monica, CA
309,New York, NY
310,Charlotte, NC
311,Chantilly, VA
312,New York, NY
313,Washington, DC 20005 (Logan Circle area)
314,Little Rock, AR
315,Santa Monica, CA
316,New York, NY
317,Chicago, IL 60611 (Near North Side area)
318,San Carlos, CA
319,New York, NY
320,Santa Clara Valley, CA
321,Hoboken, NJ
322,Washington, DC
323,Lisle, IL 60532
324,United States,NA
325,Arlington, VA 22203 (Bluemont area)
326,New York, NY
327,Raleigh, NC
328,New York, NY
329,Omaha, NE
330,Santa Clara Valley, CA
331,Menlo Park, CA
332,New York, NY
333,New York, NY
334,United States,NA
335,Chicago, IL
336,New York, NY
337,New York, NY
338,Orlando, FL
339,New York, NY
340,San Francisco, CA
341,New York, NY 10282 (Tribeca area)
342,Orlando, FL
343,San Francisco, CA
344,Spring House, PA
345,New York, NY
346,Springfield, VA
347,Boston, MA
348,Round Rock, TX
349,New York, NY
350,Redondo Beach, CA 90278
351,Santa Clara, CA 95054
352,New York, NY
353,Folsom, CA 95630
354,New York, NY
355,Reston, VA 20190
356,Boise, ID
357,San Jose, CA
358,New York, NY
359,Austin, TX 78701 (Downtown area)
360,Livermore, CA
361,Bellevue, WA 98004 (Downtown area)
362,Seattle, WA
363,Granite City, IL
364,Phoenix, AZ
365,Seattle, WA
366,New York, NY 10282 (Tribeca area)
367,Worcester, MA 01605
368,Lancaster, PA
369,Rochester, MN 55901
370,San Diego, CA
371,Seattle, WA
372,Seattle, WA
373,New York, NY
374,Worcester, MA 01605
375,Lancaster, PA
376,Rochester, MN 55901
377,New York, NY 10032 (Washington Heights area)
378,San Diego, CA
379,Cambridge, MA
380,Sartell, MN 56377
381,Sartell, MN 56377
382,Granite City, IL
383,Phoenix, AZ
384,Santa Clara Valley, CA
385,New York, NY
386,Home Based,NA
387,Boston, MA
388,Schaumburg, IL 60173
389,Brisbane, CA
390,Santa Clara, CA 95054
391,Livermore, CA
392,Boston, MA
393,Menlo Park, CA
394,Maplewood, MN
395,Danville, PA
396,Milpitas, CA
397,Cleveland, OH
398,Blacksburg, VA
399,Atlanta, GA
400,Burlingame, CA
401,Costa Mesa, CA
402,Chantilly, VA
403,Sunnyvale, CA
404,Charlottesville, VA
405,Raleigh, NC 27603
406,Pittsburgh, PA
407,Palo Alto, CA
408,San Jose, CA
409,Mountain View, CA
410,Norfolk, VA 23502
411,McLean, VA 22102
412,Lake County, IL
413,Alexandria, VA 22311 (Alexandria Wrest area)
414,New York, NY
415,New York, NY
416,San Francisco, CA
417,Cambridge, MA
418,Cambridge, MA
419,New York, NY
420,United States,NA
421,New York, NY
422,San Francisco, CA
423,Cambridge, MA
424,Cambridge, MA
425,United States,NA
426,Santa Clara, CA 95054
427,Chevy Chase, MD 20815
428,Waukesha, WI
429,San Francisco, CA
430,Redwood City, CA
431,New York, NY 10005 (Financial District area)
432,Oakland, CA
433,Palo Alto, CA
434,Mountain View, CA
435,Seattle, WA 98101 (Downtown area)
436,Clearwater, FL
437,United States,NA
438,San Jose, CA
439,Santa Clara, CA
440,Boston, MA
441,San Jose, CA
442,Santa Clara, CA
443,Boston, MA
444,Kansas City, MO
445,San Bruno, CA 94066
446,New York, NY 10036
447,Mountain View, CA
448,Sunnyvale, CA
449,Pasadena, CA
450,Park City, UT
451,Beverly, MA
452,Golden, CO
453,Alpharetta, GA 30022
454,Boston, MA
455,Phoenix, AZ
456,Cambridge, MA
457,Santa Clara Valley, CA
458,Dodgeville, WI
459,Livingston, NJ
460,Frederick, MD
461,Santa Clara Valley, CA
462,Dodgeville, WI
463,Frederick, MD
464,Chicago, IL
465,Chicago, IL
466,Virginia Beach, VA 23455 (Northwest area)
467,San Diego, CA 92102
468,Atlanta, GA 30339
469,Atlanta, GA
470,Cupertino, CA 95014
471,Albany, NY
472,Granite City, IL
473,Santa Clara, CA
474,Boston, MA
475,Minneapolis-Saint Paul, MN
476,Columbus, OH 43212
477,Santa Clara Valley, CA
478,Edina, MN 55435
479,Chevy Chase, MD 20815
480,Cleveland, OH 44195 (Fairfax area)
481,Chevy Chase, MD 20815
482,New York, NY 10011 (Chelsea area)
483,Cleveland, OH 44195 (Fairfax area)
484,South Jordan, UT
485,United States,NA
486,Palo Alto, CA
487,Boston, MA
488,Charlotte, NC 28255 (Wilmore area)
489,Fort Worth, TX 76116
490,Seattle, WA 98103 (Green Lake - Wallingford area)
491,Hartford, CT 06156
492,New York, NY 10036
493,New York, NY
494,St. Louis, MO
495,Waltham, MA
496,Seattle, WA 98103 (Green Lake - Wallingford area)
497,Los Angeles, CA
498,Rosslyn, VA
499,San Diego, CA
500,Seattle, WA 98103 (Green Lake - Wallingford area)
501,Beaverton, OR
502,San Jose, CA
503,Costa Mesa, CA 92627
504,San Jose, CA 95134 (North San Jose area)
505,Santa Clara, CA
506,Rockville, MD 20855
507,Chicago, IL 60604 (Loop area)
508,Chicago, IL 60604 (Loop area)
509,New York, NY 10017 (Midtown area)
510,San Jose, CA
511,New York, NY 10016 (Gramercy area)
512,Dallas, TX
513,Mountain View, CA
514,Salt Lake City, UT
515,Woburn, MA 01801
516,Murray Hill, NJ
517,American Fork, UT 84003
518,Denver, CO 80202 (Lodo area)
519,New York State,NA
520,Redwood City, CA
521,Woburn, MA 01801
522,American Fork, UT 84003
523,Denver, CO 80202 (Lodo area)
524,New York State,NA
525,Redwood City, CA
526,Rockville, MD 20855
527,Denver, CO 80202 (Lodo area)
528,New York, NY 10017 (Midtown area)
529,Tampa, FL
530,San Francisco, CA
531,Upton, NY 11973
532,Sunnyvale, CA
533,Palo Alto, CA 94306 (Barron Park area)
534,Stanford, CA 94305
535,Cambridge, MA
536,United States,NA
537,Chicago, IL
538,Garden Grove, CA 92840
539,San Francisco, CA 94103 (South Of Market area)
540,Los Angeles, CA
541,Nashville, TN
542,Plano, TX 75093
543,Woburn, MA 01801
544,Los Altos, CA
545,Minneapolis, MN 55414 (Prospect Park area)
546,Denver, CO 80237 (Southeastern Denver area)
547,Philadelphia, PA 19110 (City Center West area)
548,Santa Clara Valley, CA
549,Long Island, NY
550,Dayton, OH 45431
551,Minneapolis, MN 55414 (Prospect Park area)
552,Denver, CO 80237 (Southeastern Denver area)
553,Philadelphia, PA 19110 (City Center West area)
554,Santa Clara Valley, CA
555,New York, NY
556,Long Island, NY
557,Dayton, OH 45431
558,Rowayton, CT
559,Boston, MA 02116 (South End area)
560,Atlanta, GA 30333
561,Seattle, WA
562,Illinois,NA
563,Gwynedd, PA
564,Columbus, OH 43215 (Downtown area)
565,Buffalo, NY
566,Littleton, CO 80127
567,New York, NY
568,New York, NY
569,Edgewater, NJ
570,New York, NY
571,Buffalo, NY
572,Littleton, CO 80127
573,Bellevue, WA
574,Los Angeles, CA
575,Crane, IN
576,Irvine, CA
577,Massachusetts,NA
578,Lake Bluff, IL
579,Grove City, OH
580,Houston, TX
581,Bloomington, IN
582,Chicago, IL 60661 (Near West Side area)
583,Los Angeles, CA
584,Tempe, AZ
585,Los Angeles, CA
586,Blacksburg, VA
587,New York, NY
588,Norcross, GA
589,Redwood City, CA
590,San Francisco, CA
591,Omaha, NE
592,Clinton, NJ
593,Clinton, NJ
594,Seattle, WA
595,San Ramon, CA 94583
596,Cleveland, OH
597,Seattle, WA
598,San Diego, CA
599,Washington, DC
600,New York, NY
601,Silver Spring, MD
602,Seattle, WA
603,Bellevue, WA
604,United States,NA
605,San Diego, CA 92122
606,Collegeville, PA 19426
607,Miami, FL
608,Seattle, WA
609,Albuquerque, NM
610,Atlanta, GA
611,Seattle, WA
612,New York, NY
613,Albuquerque, NM
614,Atlanta, GA
615,Springfield, VA
616,New York, NY
617,Montgomery, TX
618,San Diego, CA 92122
619,Chicago, IL 60603 (Loop area)
620,New York, NY
621,Mountain View, CA 94043
622,Chantilly, VA 20151
623,Chicago, IL 60603 (Loop area)
624,Montgomery, TX
625,Menlo Park, CA
626,Bellevue, WA
627,Omaha, NE
628,Clinton, NJ
629,Clinton, NJ
630,Armonk, NY 10504
631,Seattle, WA
632,San Ramon, CA 94583
633,Middletown, PA 17057
634,Cleveland, OH
635,Seattle, WA
636,San Diego, CA
637,Washington, DC
638,New York, NY
639,Boston, MA
640,Maplewood, MN
641,San Francisco, CA
642,Mahwah, NJ
643,Princeton, NJ
644,Basking Ridge, NJ
645,Peoria, IL
646,Tracy, CA
647,Austin, TX 78759 (Arboretum area)
648,Cupertino, CA
649,Holmdel, NJ
650,Des Moines, IA
651,Princeton, NJ
652,New York, NY 10036
653,Chicago, IL
654,Centennial, CO 80111
655,Manhattan, NY
656,Washington, DC 20009 (U Street Corridor area)
657,El Segundo, CA 90245
658,Phoenix, AZ 85016 (Camelback East area)
659,St. Louis, MO
660,St. Louis, MO
661,New York, NY
662,Houston, TX 77046 (Montrose area)
663,Dulles, VA 20166
664,South San Francisco, CA
665,Westford, MA 01886
666,Phoenix, AZ
667,McLean, VA
668,Pasadena, CA
669,Boston, MA
670,Indianapolis, IN
671,New York, NY 10027 (Hamilton Heights area)
672,Fort Worth, TX 76107 (Arlington Heights area)
673,Buffalo, NY
674,Chicago, IL 60603 (Loop area)
675,San Diego, CA
676,Palo Alto, CA
677,Atlanta, GA
678,New York, NY 10013 (Tribeca area)
679,Milwaukee, WI 53202 (Lower East Side area)
680,Chicago, IL
681,College Park, MD
682,Azusa, CA
683,Dearborn, MI 48124
684,Queens, NY
685,New York, NY
686,Chestertown, MD
687,Coral Gables, FL
688,Nashville, TN 37232
689,Chicago, IL
690,Chicago, IL
691,New York, NY
692,St. Louis, MO
693,San Francisco, CA
694,Chicago, IL 60604 (Loop area)
695,Austin, TX
696,Fort Worth, TX 76107 (Arlington Heights area)
697,New York, NY
698,New York, NY
699,New York, NY
700,Baton Rouge, LA 70806
701,New York, NY 10036
702,St. Louis, MO
703,St. Louis, MO
704,San Francisco, CA
705,San Diego, CA
706,Chicago, IL 60604 (Loop area)
707,Austin, TX
708,Baton Rouge, LA 70806
709,Martinsburg, WV
710,St. Louis, MO
711,St. Louis, MO
712,Baltimore, MD
713,Cupertino, CA
714,Albuquerque, NM
715,Virginia,NA
716,Minnesota,NA
717,Omaha, NE
718,Reston, VA
719,New York, NY 10027 (Hamilton Heights area)
720,Fort Worth, TX 76107 (Arlington Heights area)
721,Buffalo, NY
722,Chicago, IL 60603 (Loop area)
723,San Diego, CA
724,Palo Alto, CA
725,Atlanta, GA
726,New York, NY 10013 (Tribeca area)
727,Milwaukee, WI 53202 (Lower East Side area)
728,Eagan, MN 55122
729,Chicago, IL
730,New York, NY
731,Chicago, IL
732,New York, NY 10011 (Chelsea area)
733,New York, NY
734,Emeryville, CA
735,Eagan, MN 55122
736,New York, NY
737,New York, NY
738,New York, NY 10017 (Midtown area)
739,Bronx, NY
740,Plymouth Meeting, PA
741,New York, NY 10018 (Clinton area)
742,Baltimore, MD
743,Philadelphia, PA
744,Bedford, MA 01730
745,Boston, MA
746,San Antonio, TX 78259 (Encino Park area)
747,Atlanta, GA
748,Woodcliff Lake, NJ 07677
749,Springfield, VA
750,Boston, MA 02110 (Central area)
751,San Diego, CA 92122
752,Overland Park, KS
753,California,NA
754,Redmond, WA
755,Cincinnati, OH
756,New York, NY
757,Seattle, WA 98109 (Westlake area)
758,Denver, CO
759,San Jose, CA
760,Redmond, WA 98052
761,Sunnyvale, CA
762,San Francisco, CA 94103 (South Of Market area)
763,San Diego, CA
764,Port Washington, NY 11050
765,San Mateo, CA 94403 (Sugerloaf area)
766,San Jose, CA
767,Bellevue, WA
768,Seattle, WA 98103 (Green Lake - Wallingford area)
769,Menlo Park, CA 94025
770,Waltham, MA
771,New York, NY
772,Hillsboro, OR 97124
773,Seattle, WA 98103 (Green Lake - Wallingford area)
774,Menlo Park, CA 94025
775,New York, NY
776,New York, NY
777,Waltham, MA
778,State College, PA
779,Littleton, CO
780,Chicago, IL
781,Palo Alto, CA
782,St. Louis, MO
783,Santa Clara Valley, CA
784,Santa Clara Valley, CA
785,Santa Clara Valley, CA
786,Santa Clara Valley, CA
787,Seattle, WA
788,Knoxville, TN
789,New York, NY
790,Tampa, FL
791,Englewood, CO
792,Hillsboro, OR 97124
793,West Valley City, UT
794,San Francisco, CA 94103 (South Of Market area)
795,Rio Rancho, NM
796,Birmingham, AL
797,Menlo Park, CA
798,Tarrytown, NY
799,Massachusetts,NA
800,Los Angeles, CA
801,Rio Rancho, NM
802,Birmingham, AL
803,Menlo Park, CA
804,Tarrytown, NY
805,Massachusetts,NA
806,Los Angeles, CA
807,Baltimore, MD
808,New York, NY 10017 (Midtown area)
809,El Segundo, CA
810,Cambridge, MA
811,United States,NA
812,San Jose, CA
813,Bellevue, WA
814,San Jose, CA 95125 (Willow Glen area)
815,New York, NY
816,San Diego, CA 92122
817,Overland Park, KS
818,California,NA
819,Port Washington, NY
820,Redmond, WA
821,Cincinnati, OH
822,New York, NY 10001 (Chelsea area)
823,Seattle, WA 98109 (Westlake area)
824,Denver, CO
825,San Jose, CA
826,Blacksburg, VA
827,San Jose, CA 95113 (Downtown area)
828,San Diego, CA
829,New York, NY
830,Redmond, WA
831,Manhattan, NY
832,Cambridge, MA
833,Cambridge, MA
834,Collegeville, PA
835,Princeton, NJ
836,Johnston, IA 50131
837,Madison, WI
838,Farmington, UT 84025
839,Manhattan, NY 10018 (Clinton area)
840,San Jose, CA
841,New York, NY 10010 (Gramercy area)
842,Madison, WI
843,New York, NY
844,Washington, DC
845,Minneapolis-Saint Paul, MN
846,United States,NA
847,Seattle, WA
848,Tucson, AZ
849,Santa Clara Valley, CA
850,Santa Clara, CA
851,Santa Clara, CA
852,United States,NA
853,Tuscaloosa, AL
854,Boulder, CO
855,Santa Barbara, CA
856,Los Angeles, CA
857,Ann Arbor, MI
858,Tucson, AZ
859,Columbus, OH 43240 (Far North area)
860,Bethesda, MD 20817
861,Menlo Park, CA
862,United States,NA
863,Boston, MA
864,Boston, MA
865,Rockville, MD 20850
866,Chicago, IL 60654 (Loop area)
867,Edgewood, MD
868,Bloomfield Hills, MI
869,San Francisco, CA
870,San Jose, CA 95110 (Downtown area)
871,Corvallis, OR
872,Seattle, WA
873,Albany, NY
874,Cambridge, MA
875,Seattle, WA
876,New York, NY
877,New York, NY
878,Waltham, MA
879,Washington, DC
880,Mountain View, CA
881,Port Washington, NY
882,Arlington, TX
883,New York, NY
884,Philadelphia, PA
885,San Jose, CA
886,Foster City, CA
887,Bala-Cynwyd, PA 19004
888,Cambridge, MA 02139 (Area IV area)
889,Boulder, CO
890,Rochester, MN
891,Omaha, NE
892,San Francisco, CA
893,Mountain View, CA
894,Cambridge, MA
895,Raleigh, NC
896,San Francisco, CA 94109 (Nob Hill area)
897,Irvine, CA
898,United States,NA
899,New York, NY 10282 (Tribeca area)
900,San Jose, CA
901,San Rafael, CA 94901
902,Burlington, MA
903,Redmond, WA 98052
904,Chicago, IL
905,Gainesville, FL 32611
906,Cambridge, MA
907,San Francisco, CA
908,Brisbane, CA
909,Cincinnati, OH
910,Durham, NC
911,New York, NY 10001 (Chelsea area)
912,Brisbane, CA
913,Cincinnati, OH
914,Durham, NC
915,Westborough, MA
916,New York, NY
917,Vista, CA
918,Manhattan, NY
919,Auburn Hills, MI 48326
920,Cambridge, MA
921,New York, NY
922,New York, NY
923,San Mateo, CA 94401 (North Central area)
924,New York, NY
925,Nashville, TN
926,New York, NY 10019 (Midtown area)
927,Asheville, NC 28801
928,New York, NY
929,New York, NY
930,Lawrence, KS
931,Yorktown Heights, NY
932,New York, NY 10011 (Chelsea area)
933,San Diego, CA
934,Washington, DC
935,Washington, DC
936,Honolulu, HI
937,Urbana, IL
938,Urbana, IL
939,United States,NA
940,Hoboken, NJ
941,La Jolla, CA
942,New York, NY
943,United States,NA
944,Manchester, CT
945,Saint Paul, MN
946,Waltham, MA
947,New York, NY
948,Farmington, CT
949,Boston, MA
950,Reston, VA
951,Boston, MA
952,Chicago, IL 60606 (Loop area)
953,San Diego, CA 92130
954,Boston, MA
955,Washington, DC
956,St. Louis, MO
957,Reston, VA
958,Washington, DC 20037 (Foggy Bottom area)
959,Portland, OR 97205 (Northwest area)
960,Arlington, VA
961,Boston, MA
962,New York, NY
963,Washington, DC
964,St. Louis, MO
965,Washington, DC 20037 (Foggy Bottom area)
966,Arlington, VA
967,Boston, MA
968,Boston, MA
969,Chandler, AZ
970,Philadelphia, PA 19127 (Manayunk area)
971,Jacksonville, FL 32099 (Marietta area)
972,Bethesda, MD
973,Mountain View, CA 94043
974,Philadelphia, PA
975,Columbus, OH
976,Westchester, NY
977,New York, NY
978,New York, NY
979,Manassas, VA 20109
980,Seattle, WA
981,Warner Robins, GA 31088
982,McLean, VA
983,Renton, WA
984,Raleigh, NC
985,New York, NY 10165 (Midtown area)
986,Hoboken, NJ
987,Manhattan, NY
988,San Francisco, CA
989,South San Francisco, CA
990,San Diego, CA 92108
991,San Diego, CA
992,Seattle, WA
993,Detroit, MI
994,Reston, VA
995,Santa Clara, CA
996,Memphis, TN
997,Washington, DC
998,New York, NY
999,Portland, OR 97205 (Northwest area)
1000,St. Louis, MO
1001,New York, NY 10014 (West Village area)
1002,New York, NY 10011 (Chelsea area)
1003,New York, NY
1004,New York, NY
1005,New York, NY
1006,New York, NY
1007,New York, NY
1008,New York, NY
1009,New York, NY
1010,New York, NY
1011,New York, NY
1012,Manhattan, NY
1013,New York, NY
1014,New York, NY
1015,New York, NY
1016,New York, NY
1017,San Francisco, CA
1018,New York, NY 10012 (Little Italy area)
1019,New York, NY 10014 (West Village area)
1020,New York, NY
1021,New York, NY
1022,New York, NY 10018 (Clinton area)
1023,New York, NY 10022 (Midtown area)
1024,San Francisco, CA 94103 (South Of Market area)
1025,New York, NY
1026,New York, NY
1027,New York, NY
1028,New York, NY
1029,New York, NY
1030,New York, NY
1031,New York, NY
1032,New York, NY
1033,New York, NY
1034,New York, NY
1035,New York, NY
1036,New York, NY
1037,New York, NY
1038,New York, NY
1039,New York, NY
1040,New York, NY
1041,Charlotte, NC 28255 (Wilmore area)
1042,New York, NY
1043,New York, NY
1044,New York, NY
1045,New York, NY
1046,New York, NY
1047,Jericho, NY
1048,Seattle, WA 98104 (First Hill area)
1049,New York, NY 10003 (Greenwich Village area)
1050,Raleigh, NC 27616 (Northeast area)
1051,New York, NY
1052,Jericho, NY
1053,Seattle, WA 98104 (First Hill area)
1054,New York, NY 10003 (Greenwich Village area)
1055,New York, NY
1056,Raleigh, NC 27616 (Northeast area)
1057,New York, NY 10038 (Financial District area)
1058,Morrisville, NC
1059,New York, NY 10154 (Midtown area)
1060,Austin, TX
1061,New York, NY
1062,Kirkland, WA
1063,Park City, UT
1064,Research Triangle Park, NC
1065,New York, NY 10271 (Financial District area)
1066,New York, NY 10271 (Financial District area)
1067,New York, NY 10271 (Financial District area)
1068,New York, NY 10271 (Financial District area)
1069,Philadelphia, PA 19127 (Manayunk area)
1070,New York, NY
1071,Matawan, NJ
1072,New York, NY 10003 (Greenwich Village area)
1073,Houston, TX
1074,New York, NY 10010 (Gramercy area)
1075,San Francisco, CA
1076,New York, NY 10001 (Chelsea area)
1077,San Ramon, CA
1078,New York, NY
1079,Pittsburgh, PA
1080,Bellevue, WA
1081,Santa Clara, CA 95052
1082,Danvers, MA
1083,Schaumburg, IL 60173
1084,Peoria, IL 61615
1085,Madison, WI
1086,Oakland, CA 94612 (Northgate area)
1087,Franklin, TN
1088,Palo Alto, CA
1089,New York, NY 10176 (Murray Hill area)
1090,New York, NY 10004 (Financial District area)
1091,Palo Alto, CA
1092,Salt Lake City, UT
1093,Mountain View, CA
1094,New York, NY
1095,Boulder, CO 80301
1096,Plainsboro, NJ
1097,Santa Clara, CA
1098,Columbus, OH 43215 (Downtown area)
1099,Hartford, CT
1100,San Francisco Bay Area, CA
1101,Orlando, FL
1102,New York, NY
1103,Palo Alto, CA
1104,Norfolk, VA 23502
1105,Livonia, MI 48152
1106,New York, NY
1107,New York, NY
1108,Chicago, IL 60654 (Loop area)
1109,San Francisco, CA
1110,San Francisco, CA 94103 (South Of Market area)
1111,Austin, TX
1112,Phoenix, AZ
1113,Fremont, CA
1114,Charlotte, NC
1115,Northbrook, IL
1116,Bethesda, MD
1117,Houston, TX
1118,Washington, DC
1119,Austin, TX
1120,Framingham, MA
1121,Franklin, TN 37067
1122,San Jose, CA
1123,Redmond, WA
1124,Fort Lauderdale, FL
1125,Calabasas, CA
1126,Huntington Beach, CA 92647
1127,Aurora, IL 60506
1128,Kennesaw, GA
1129,Minneapolis, MN
1130,San Francisco, CA
1131,Springfield, VA
1132,Remote,NA
1133,Arlington, VA
1134,United States,NA
1135,Boston, MA
1136,San Francisco, CA
1137,Malvern, PA
1138,New York, NY
1139,San Francisco, CA 94114 (Castro-Upper Market area)
1140,New York, NY
1141,Washington, DC
1142,Dallas, TX
1143,Pasadena, CA
1144,Cambridge, MA
1145,Mountain View, CA
1146,Palo Alto, CA
1147,Atlanta, GA 30363 (Buckhead area)
1148,Columbus, OH
1149,Cleveland, OH
1150,Boston, MA
1151,Palo Alto, CA
1152,Atlanta, GA 30363 (Buckhead area)
1153,Columbus, OH
1154,Cleveland, OH
1155,Boston, MA
1156,San Francisco, CA
1157,Menlo Park, CA
1158,Mountain View, CA 94041
1159,San Francisco, CA
1160,San Francisco, CA
1161,New York, NY
1162,Granville, OH 43023
1163,New York, NY 10154 (Midtown area)
1164,Dallas, TX 75234
1165,New York, NY 10011 (Chelsea area)
1166,McLean, VA
1167,New York, NY 10011 (Chelsea area)
1168,Springfield, VA
1169,Springfield, VA
1170,Universal City, CA
1171,Minneapolis-Saint Paul, MN
1172,Oklahoma City, OK 73102
1173,Washington, VA
1174,Mountain View, CA
1175,Dearborn, MI 48121
1176,McLean, VA
1177,Topeka, KS
1178,San Diego, CA
1179,Cincinnati, OH
1180,Washington, DC 20037 (Foggy Bottom area)
1181,Cincinnati, OH
1182,Washington, DC 20037 (Foggy Bottom area)
1183,Troy, MI 48083
1184,Arlington, VA
1185,New York, NY
1186,United States,NA
1187,Washington, DC 20024 (South West area)
1188,McLean, VA
1189,New York, NY 10016 (Gramercy area)
1190,Weehawken, NJ
1191,Durham, NC
1192,Saint Louis, OR
1193,San Francisco, CA
1194,San Bruno, CA 94066
1195,Colorado Springs, CO 80919 (Northwest Colorado Springs area)
1196,Englewood, CO
1197,San Antonio, TX
1198,San Francisco, CA
1199,United States,NA
1200,Redwood City, CA 94063
1201,Boston, MA 02116 (South End area)
1202,Las Vegas, NV
1203,Seattle, WA 98115 (Wedgwood area)
1204,Alexandria, VA 22304 (Seminary Hill area)
1205,Itasca, IL
1206,Durham, NC
1207,Saint Louis, OR
1208,San Francisco, CA
1209,San Bruno, CA 94066
1210,Milwaukee, WI
1211,Colorado Springs, CO 80919 (Northwest Colorado Springs area)
1212,Englewood, CO
1213,San Antonio, TX
1214,San Francisco, CA
1215,United States,NA
1216,San Diego, CA
1217,Redwood City, CA 94063
1218,Framingham, MA 01702
1219,San Francisco, CA
1220,Culver City, CA 90232
1221,Saint Paul, MN 55108
1222,Worcester, MA 01605
1223,Chicago, IL
1224,Boston, MA
1225,Washington, DC
1226,Pataskala, OH
1227,Northbrook, IL
1228,Englewood, CO 80112
1229,San Diego, CA
1230,Alpharetta, GA 30005
1231,Pataskala, OH
1232,Northbrook, IL
1233,San Diego, CA
1234,Englewood, CO 80112
1235,Marlborough, MA
1236,Alpharetta, GA 30005
1237,Piscataway, NJ 08854
1238,Irvine, CA
1239,Sunnyvale, CA
1240,Phoenix, AZ
1241,Moline, IL 61265
1242,Washington, DC
1243,El Segundo, CA 90245
1244,Arlington, VA
1245,San Francisco, CA
1246,San Jose, CA
1247,Santa Clara, CA
1248,Atlanta, GA
1249,Neenah, WI 54956
1250,Washington, DC
1251,Irvine, CA 92618
1252,Tampa, FL
1253,Hinesburg, VT
1254,Chicago, IL
1255,Cincinnati, OH 45249
1256,Lowell, MA
1257,Chicago, IL
1258,San Francisco, CA
1259,San Francisco, CA
1260,San Francisco, CA
1261,Seattle, WA
1262,Salt Lake City, UT
1263,Seattle, WA
1264,Johnston, IA
1265,Alpharetta, GA
1266,Portland, OR
1267,McLean, VA
1268,St. Louis, MO
1269,Emeryville, CA 94608
1270,Danbury, CT
1271,West Lafayette, IN
1272,Alexandria, VA
1273,San Francisco, CA
1274,San Francisco, CA
1275,Chicago, IL 60606 (Loop area)
1276,Raleigh, NC
1277,Washington, DC
1278,Chicago, IL 60647 (Logan Square area)
1279,Springfield, VA
1280,Schaumburg, IL 60173
1281,San Diego, CA
1282,Arlington, VA
1283,Linthicum Heights, MD
1284,Cambridge, MA
1285,Duluth, GA 30096
1286,Princeton, NJ
1287,Princeton, NJ
1288,San Mateo, CA
1289,San Francisco, CA
1290,Washington, DC
1291,Princeton, NJ
1292,Princeton, NJ
1293,San Mateo, CA
1294,San Francisco, CA
1295,Washington, DC
1296,Orlando, FL 32837
1297,Adelaide, WA
1298,Menlo Park, CA
1299,Hartford, CT
1300,West Lafayette, IN
1301,Alexandria, VA
1302,San Francisco, CA
1303,San Francisco, CA
1304,Chicago, IL 60606 (Loop area)
1305,Raleigh, NC
1306,Washington, DC
1307,Chicago, IL 60647 (Logan Square area)
1308,Schaumburg, IL 60173
1309,Germantown, MD
1310,Tempe, AZ 85282 (Cyprus Southwest area)
1311,Bellevue, WA 98004 (Downtown area)
1312,Washington, DC
1313,Washington, DC
1314,El Segundo, CA 90245
1315,Southfield, MI
1316,Campbell, CA
1317,Portland, OR
1318,San Francisco, CA
1319,Lake Forest, CA 92630
1320,Herndon, VA 20171
1321,Norwell, MA
1322,Sterling, VA 20166
1323,Santa Clara, CA 95054
1324,Los Angeles, CA
1325,Charlottesville, VA 22901 (29 North area)
1326,Remote,NA
1327,Illinois,NA
1328,Baltimore, MD 21228
1329,Durham, NC 27701
1330,Cincinnati, OH
1331,Boca Raton, FL
1332,Tampa, FL
1333,New Britain, CT 06051
1334,San Mateo, CA 94401 (North Central area)
1335,Stanford, CA 94305
1336,San Ramon, CA
1337,Emeryville, CA
1338,San Francisco, CA 94104 (Financial District area)
1339,Maple Grove, MN 55311
1340,San Francisco, CA
1341,San Francisco, CA
1342,United States,NA
1343,New York, NY
1344,Kirkland, WA
1345,Round Rock, TX 78664
1346,Waltham, MA 02453
1347,Weehawken, NJ
1348,New York, NY 10016 (Gramercy area)
1349,San Diego, CA
1350,Carlsbad, CA 92009
1351,Waltham, MA 02453
1352,San Diego, CA
1353,Carlsbad, CA 92009
1354,Honolulu, HI
1355,Norwell, MA
1356,Sterling, VA 20166
1357,Santa Clara, CA 95054
1358,Los Angeles, CA
1359,New York, NY
1360,New York, NY
1361,New York, NY
1362,Charlottesville, VA 22901 (29 North area)
1363,Remote,NA
1364,New York, NY 10038 (Financial District area)
1365,Illinois,NA
1366,Baltimore, MD 21228
1367,Durham, NC 27701
1368,Cincinnati, OH
1369,Bentonville, AR 72712
1370,Burlingame, CA 94010
1371,San Francisco, CA
1372,Washington, DC 20002 (Capitol Hill area)
1373,United States,NA
1374,Chantilly, VA
1375,Township of Little Falls, NJ
1376,Mountain View, CA
1377,New York, NY
1378,New York, NY
1379,New York, NY
1380,Westminster, CO
1381,Atlanta, GA
1382,Seattle, WA
1383,New York, NY 10281 (Battery Park area)
1384,Jersey City, NJ 07310 (Downtown area)
1385,San Francisco, CA
1386,New York, NY
1387,Washington, DC 20002 (Capitol Hill area)
1388,New York, NY
1389,United States,NA
1390,Chantilly, VA
1391,New York, NY
1392,Mountain View, CA
1393,Westminster, CO
1394,Chicago, IL 60601 (Loop area)
1395,Topeka, KS
1396,Middletown, CT
1397,Palo Alto, CA
1398,Chicago, IL 60654 (Loop area)
1399,New York, NY
1400,United States,NA
1401,New York, NY
1402,Jersey City, NJ 07310 (Downtown area)
1403,Arlington, VA 22209 (Radnor-Ft Myer Heights area)
1404,New York, NY 10281 (Battery Park area)
1405,Littleton, CO 80127
1406,New York, NY
1407,Santa Monica, CA
1408,New York, NY
1409,Boston, MA
1410,Waltham, MA
1411,New York, NY
1412,Magnolia, TX
1413,Woodland Hills, CA
1414,Santa Clara, CA 95054
1415,New York, NY 10018 (Clinton area)
1416,New York, NY
1417,Colorado Springs, CO
1418,New York, NY
1419,New York, NY
1420,New York, NY
1421,Buckley AFB, CO
1422,New York, NY 10003 (Greenwich Village area)
1423,Miami, FL 33132 (Downtown area)
1424,Palo Alto, CA 94303 (Duveneck-Saint Francis area)
1425,Mountain View, CA 94041
1426,Moline, IL
1427,Chicago, IL
1428,Chicago, IL
1429,Greenwood Village, CO
1430,Princeton, NJ
1431,Lowell, AR
1432,Washington, DC
1433,Alexandria, VA 22310
1434,Chicago, IL
1435,New York, NY
1436,San Francisco, CA
1437,Elmsford, NY
1438,Massachusetts,NA
1439,Fayetteville, AR
1440,Moscow, ID 83844
1441,Elmsford, NY
1442,Massachusetts,NA
1443,New York, NY 10012 (Little Italy area)
1444,Fayetteville, AR
1445,Moscow, ID 83844
1446,San Francisco, CA
1447,Fort Meade, MD
1448,Atlanta, GA
1449,Boston, MA
1450,New York, NY
1451,Boston, MA
1452,Charlottesville, VA 22909 (North East area)
1453,Menlo Park, CA
1454,Boston, MA 02109 (Central area)
1455,Boston, MA 02109 (Central area)
1456,Newark, NJ
1457,Boston, MA
1458,San Jose, CA
1459,Akron, OH
1460,San Francisco, CA
1461,New York, NY 10001 (Chelsea area)
1462,New York, NY
1463,Minneapolis, MN
1464,Virginia Beach, VA
1465,Jersey City, NJ
1466,Austin, TX
1467,Santa Clara Valley, CA
1468,Fremont, CA
1469,New York, NY
1470,Orange, CA
1471,Irvine, CA
1472,Columbus, OH 43228 (Westland area)
1473,Seattle, WA
1474,Menlo Park, CA
1475,San Francisco, CA 94103 (South Of Market area)
1476,Keller, TX
1477,Newark, NJ
1478,Vienna, VA
1479,Dallas, TX
1480,Los Angeles, CA 90017
1481,Seattle, WA
1482,New York, NY
1483,Menlo Park, CA
1484,New York, NY
1485,New York, NY
1486,Keller, TX
1487,San Francisco, CA 94103 (South Of Market area)
1488,Vienna, VA
1489,Dallas, TX
1490,Los Angeles, CA 90017
1491,New York, NY
1492,Jersey City, NJ 07310 (Downtown area)
1493,Arlington, VA 22203 (Bluemont area)
1494,New York, NY
1495,Seattle, WA 98109 (Westlake area)
1496,San Francisco, CA
1497,New York, NY
1498,New York, NY
1499,Cambridge, MA 02141 (East Cambridge area)
1500,New York, NY
1501,Seattle, WA
1502,New York, NY 10011 (Chelsea area)
1503,New York State,NA
1504,Los Angeles, CA 90046
1505,Seattle, WA
1506,Chicago, IL 60647 (Logan Square area)
1507,Alexandria, VA
1508,San Francisco, CA 94107 (South Of Market area)
1509,New York, NY
1510,Seattle, WA
1511,Seattle, WA
1512,New York State,NA
1513,Seattle, WA
1514,New York, NY
1515,New York, NY 10005 (Financial District area)
1516,New York, NY
1517,Seattle, WA
1518,San Diego, CA
1519,Orlando, FL
1520,San Francisco Bay Area, CA
1521,Santa Clara Valley, CA
1522,Santa Clara Valley, CA
1523,Dearborn, MI
1524,Salt Lake City, UT
1525,Bethesda, MD
1526,New York, NY 10022 (Midtown area)
1527,Redmond, WA 98052
1528,Chicago, IL
1529,New York, NY
1530,Irvine, CA
1531,San Francisco, CA 94107 (South Of Market area)
1532,New York, NY
1533,Santa Clara Valley, CA
1534,Santa Clara Valley, CA
1535,San Francisco, CA 94107 (South Of Market area)
1536,Dearborn, MI
1537,Salt Lake City, UT
1538,Bethesda, MD
1539,Redmond, WA 98052
1540,Chicago, IL
1541,Charleston, WV
1542,Providence, RI
1543,Hoffman Estates, IL 60179
1544,Arlington, VA 22201 (Lyon Village area)
1545,Oregon,NA
1546,Hoffman Estates, IL 60179
1547,Redwood City, CA
1548,United States,NA
1549,Atlanta, GA
1550,McLean, VA
1551,San Francisco, CA 94105 (Financial District area)
1552,South Portland, ME
1553,Rosemead, CA
1554,Rosemead, CA
1555,San Jose, CA 95131 (North Valley area)
1556,Rockville, MD
1557,Rockville, MD
1558,Sunnyvale, CA
1559,Springfield, VA
1560,Tarrytown, NY
1561,San Francisco, CA
1562,Santa Clara, CA
1563,Vicksburg, MS 39180
1564,Fremont, CA 94538 (Irvington area)
1565,Arlington, VA 22203 (Bluemont area)
1566,Fort Worth, TX
1567,Wilmington, DE
1568,Springfield, VA
1569,Alexandria, VA
1570,Reston, VA
1571,Cleveland, OH
1572,Menlo Park, CA
1573,Washington, DC
1574,Ann Arbor, MI
1575,New York, NY 10011 (Chelsea area)
1576,Fort Meade, MD
1577,East Moline, IL 61244
1578,Aberdeen, MD
1579,Kansas City, KS
1580,Saint Petersburg, FL 33716
1581,Austin, TX
1582,Austin, TX
1583,New York, NY
1584,Seattle, WA
1585,Palo Alto, CA
1586,San Francisco, CA 94103 (South Of Market area)
1587,San Francisco, CA
1588,Huntsville, AL
1589,Seattle, WA
1590,Rochester, NY
1591,Charlotte, NC 28255 (Wilmore area)
1592,New York, NY
1593,New York, NY 10036
1594,Princeton, NJ 08540
1595,Santa Clara, CA
1596,Fort Lauderdale, FL
1597,Boston, MA 02109 (Central area)
1598,Philadelphia, PA
1599,Framingham, MA 01702
1600,Buffalo Grove, IL 60089
1601,San Francisco, CA 94103 (South Of Market area)
1602,San Francisco, CA
1603,Huntsville, AL
1604,Seattle, WA
1605,Rochester, NY
1606,Charlotte, NC 28255 (Wilmore area)
1607,New York, NY
1608,Princeton, NJ 08540
1609,Santa Clara, CA
1610,Fort Lauderdale, FL
1611,Fairfax, VA
1612,Brentwood, TN 37027
1613,San Francisco, CA
1614,Redmond, WA 98052
1615,Manhattan, NY
1616,Richardson, TX
1617,Mountain View, CA 94040
1618,San Francisco, CA
1619,San Jose, CA
1620,Fayetteville, AR
1621,San Francisco, CA 94107 (South Of Market area)
1622,Milpitas, CA 95035
1623,Seattle, WA
1624,Pittsburgh, PA 15213 (North Oakland area)
1625,Dayton, OH
1626,New York, NY
1627,Herndon, VA
1628,Cambridge, MA 02142 (East Cambridge area)
1629,New York, NY 10005 (Financial District area)
1630,New York, NY
1631,San Diego, CA
1632,San Diego, CA
1633,Neenah, WI
1634,New York, NY 10022 (Midtown area)
1635,Ipswich, MA
1636,San Jose, CA
1637,Santa Clara, CA
1638,Raleigh, NC
1639,New York, NY
1640,Hoffman Estates, IL 60179
1641,Charlotte, NC
1642,Fort Lauderdale, FL
1643,San Francisco, CA
1644,Boston, MA
1645,Atlanta, GA
1646,Menlo Park, CA
1647,Chicago, IL
1648,Tampa, FL
1649,Houston, TX
1650,Dearborn, MI 48121
1651,Chicago, IL 60601 (Loop area)
1652,San Luis Obispo, CA 93401
1653,South San Francisco, CA 94080
1654,New York, NY
1655,Fort Lauderdale, FL
1656,New York, NY
1657,New York, NY 10013 (Tribeca area)
1658,San Jose, CA
1659,New York, NY
1660,Mountain View, CA
1661,Atlanta, GA
1662,Menlo Park, CA
1663,New York, NY
1664,Chicago, IL
1665,Tampa, FL
1666,Houston, TX
1667,Dearborn, MI 48121
1668,Chicago, IL 60601 (Loop area)
1669,San Luis Obispo, CA 93401
1670,South San Francisco, CA 94080
1671,Germantown, MD 20875
1672,Washington, DC 20003 (Capitol Hill area)
1673,Owings Mills, MD
1674,Princeton, NJ 08541
1675,Charlotte, NC 28255 (Wilmore area)
1676,New York, NY
1677,St. Louis, MO
1678,Liberty Corner, NJ
1679,Germantown, MD 20876
1680,Arlington, VA 22201 (Lyon Village area)
1681,Seattle, WA 98109 (Westlake area)
1682,Seattle, WA
1683,New York, NY
1684,Santa Clara, CA 95052
1685,Washington, DC 20036 (Downtown area)
1686,Palo Alto, CA
1687,Kansas City, MO 64116
1688,Germantown, MD 20875
1689,Washington, DC 20003 (Capitol Hill area)
1690,Owings Mills, MD
1691,Boston, MA
1692,New York, NY 10029 (Yorkville area)
1693,Hartford, CT 06156
1694,New York, NY
1695,San Francisco, CA 94105 (Financial District area)
1696,New York, NY
1697,New York, NY 10020 (Midtown area)
1698,Phoenix, AZ
1699,Menlo Park, CA
1700,Redmond, WA 98052
1701,Seattle, WA
1702,New York, NY 10172 (Gramercy area)
1703,Cambridge, MA 02238 (Mid-Cambridge area)
1704,New York, NY
1705,San Diego, CA
1706,New York, NY
1707,Palo Alto, CA 94303 (Duveneck-Saint Francis area)
1708,New York, NY
1709,Alpharetta, GA
1710,Cambridge, MA
1711,Eagan, MN 55123
1712,Hendersonville, TN
1713,Mountain View, CA
1714,Chicago, IL
1715,Olathe, KS 66061
1716,New York, NY
1717,Seattle, WA 98101 (Downtown area)
1718,Draper, UT
1719,San Jose, CA 95131 (North Valley area)
1720,Kansas City, MO 64112 (Sunset Hill area)
1721,New York, NY
1722,Atlanta, GA
1723,San Francisco, CA 94108 (Financial District area)
1724,Mountain View, CA
1725,Mountain View, CA
1726,New York, NY
1727,San Francisco, CA
1728,New York, NY 10017 (Midtown area)
1729,New York, NY 10029 (Yorkville area)
1730,Reston, VA
1731,Rancho Santa Margarita, CA
1732,Redwood City, CA
1733,Houston, TX
1734,New York, NY 10001 (Chelsea area)
1735,Chicago, IL
1736,Austin, TX
1737,Washington, DC
1738,Chicago, IL
1739,New York, NY
1740,Clearwater, FL
1741,Houston, TX
1742,Chicago, IL
1743,Austin, TX
1744,Washington, DC
1745,Chicago, IL
1746,Clearwater, FL
1747,Tumwater, WA
1748,Northbrook, IL
1749,Springfield, VA
1750,New York, NY 10017 (Midtown area)
1751,Bellevue, WA
1752,San Bruno, CA 94066
1753,San Francisco, CA
1754,Sunnyvale, CA
1755,San Francisco, CA 94105 (Financial District area)
1756,San Francisco, CA
1757,San Francisco, CA
1758,Mountain View, CA
1759,Township of Warren, NJ 07059
1760,Los Altos, CA
1761,Los Altos, CA
1762,Kansas City, MO
1763,San Diego, CA
1764,San Francisco, CA 94103 (South Of Market area)
1765,San Francisco, CA
1766,San Francisco, CA 94111 (Financial District area)
1767,El Segundo, CA
1768,Boston, MA
1769,Boston, MA
1770,San Francisco, CA
1771,San Antonio, TX 78251
1772,San Francisco, CA
1773,United States,NA
1774,Watertown, MA 02472
1775,San Jose, CA
1776,Pasadena, CA
1777,McLean, VA
1778,Birmingham, MI
1779,United States,NA
1780,Connecticut,NA
1781,New York, NY 10010 (Gramercy area)
1782,Palo Alto, CA
1783,United States,NA
1784,San Jose, CA
1785,Pasadena, CA
1786,Birmingham, MI
1787,United States,NA
1788,New York, NY
1789,Connecticut,NA
1790,New York, NY
1791,Philadelphia, PA
1792,Malvern, PA
1793,Washington, DC
1794,Bentonville, AR 72712
1795,South San Francisco, CA
1796,Atlanta, GA
1797,Renton, WA
1798,Santa Clara, CA 95054
1799,Herndon, VA
1800,Vestal, NY
1801,Salt Lake City, UT
1802,Shelton, CT 06484
1803,New York, NY
1804,Chicago, IL
1805,Plymouth Meeting, PA
1806,Newark, NJ
1807,San Francisco, CA 94103 (South Of Market area)
1808,Waltham, MA
1809,New York, NY
1810,Baltimore, MD
1811,Nashville, TN
1812,Santa Clara Valley, CA
1813,New York, NY
1814,Massachusetts,NA
1815,Agoura Hills, CA 91301
1816,Bellevue, WA 98006 (Somerset area)
1817,Atlanta, GA
1818,San Diego, CA
1819,Morgantown, WV
1820,Washington, DC
1821,Arlington, VA
1822,San Bruno, CA 94066
1823,San Diego, CA
1824,Plymouth Meeting, PA
1825,College Park, MD
1826,Arlington, VA 22202 (Aurora Highlands area)
1827,Irvine, CA
1828,Chicago, IL
1829,Tampa, FL 33612
1830,Tucson, AZ
1831,Menlo Park, CA
1832,Menlo Park, CA
1833,New York, NY 10003 (Greenwich Village area)
1834,Minnetonka, MN
1835,Bethesda, MD
1836,Atlanta, GA
1837,Raleigh, NC 27607 (Northwest area)
1838,El Segundo, CA 90245
1839,Granville, OH 43023
1840,Orlando, FL 32819 (Florida Center area)
1841,Austin, TX 78756 (Rosedale area)
1842,Seattle, WA
1843,Dearborn, MI 48124
1844,San Jose, CA
1845,Seattle, WA
1846,Brisbane, CA
1847,Irving, TX
1848,Columbus, OH 43201 (Weinland Park area)
1849,Durham, NC
1850,Detroit, MI 48243 (Downtown area)
1851,University Park, PA
1852,St. Louis, MO
1853,Falls Church, VA
1854,Arlington, VA
1855,Stanford, CA 94305
1856,Urbandale, IA
1857,Eden Prairie, MN 55344
1858,Santa Barbara, CA 93101
1859,New York, NY
1860,Bellevue, WA
1861,Irving, TX
1862,Columbus, OH 43201 (Weinland Park area)
1863,Durham, NC
1864,Detroit, MI 48243 (Downtown area)
1865,Detroit, MI 48243 (Downtown area)
1866,San Antonio, TX 78284 (Los Angeles Heights-Keystone area)
1867,New York, NY
1868,Baltimore, MD
1869,New York, NY
1870,Honolulu, HI 96813 (Nuuanu-Punchbowl area)
1871,New York, NY
1872,Seattle, WA
1873,Washington, DC
1874,Seattle, WA
1875,Boston, MA 02116 (South End area)
1876,Boston, MA
1877,Redwood City, CA
1878,Princeton, NJ 08540
1879,Princeton, NJ
1880,Dayton, OH 45402 (Downtown area)
1881,Seattle, WA
1882,San Francisco Bay Area, CA
1883,Boston, MA
1884,Juno Beach, FL 33408
1885,New York, NY
1886,Brisbane, CA
1887,San Antonio, TX
1888,Seattle, WA 98103 (Green Lake - Wallingford area)
1889,New York, NY
1890,Austin, TX 78716
1891,Raleigh, NC 27615 (North area)
1892,Raleigh, NC 27616 (Northeast area)
1893,Arlington, VA
1894,San Francisco, CA 94103 (South Of Market area)
1895,Oakland, NJ
1896,Menlo Park, CA
1897,Menlo Park, CA
1898,San Mateo, CA 94401 (North Central area)
1899,New York, NY
1900,Boston, MA
1901,Mountain View, CA 94041
1902,Jersey City, NJ
1903,Frisco, TX
1904,Denver, CO 80202 (Lodo area)
1905,Lombard, IL
1906,Maplewood, MN
1907,Chicago, IL 60654 (Loop area)
1908,Raleigh, NC 27615 (North area)
1909,Raleigh, NC 27616 (Northeast area)
1910,Arlington, VA
1911,New York, NY
1912,New York, NY
1913,Springfield, VA 22151
1914,North Charleston, SC 29418
1915,Philadelphia, PA 19104 (Belmont area)
1916,Danvers, MA
1917,Boulder, CO 80301
1918,New York, NY 10179 (Midtown area)
1919,University Park, PA
1920,St. Louis, MO
1921,Chicago, IL 60606 (Loop area)
1922,Falls Church, VA
1923,Arlington, VA
1924,Stanford, CA 94305
1925,Urbandale, IA
1926,Eden Prairie, MN 55344
1927,Santa Barbara, CA 93101
1928,New York, NY
1929,Bellevue, WA
1930,San Francisco, CA
1931,New York, NY 10003 (Greenwich Village area)
1932,Springfield, VA 22151
1933,North Charleston, SC 29418
1934,Philadelphia, PA 19104 (Belmont area)
1935,Danvers, MA
1936,Boulder, CO 80301
1937,New York, NY 10016 (Gramercy area)
1938,University Park, PA
1939,St. Louis, MO
1940,Chicago, IL 60606 (Loop area)
1941,St. Louis, MO
1942,New York, NY
1943,Madison, WI 53703 (Madison area)
1944,New York, NY
1945,Washington, DC
1946,Detroit, MI 48243 (Downtown area)
1947,San Francisco, CA
1948,New York, NY
1949,Los Angeles, CA
1950,Atlanta, GA 30308 (Old Fourth Ward area)
1951,Palo Alto, CA
1952,Eden Prairie, MN 55344
1953,Columbus, OH 43240 (Far North area)
1954,Philadelphia, PA 19103 (Belmont area)
1955,Corning, NY 14830
1956,Pittsburgh, PA
1957,San Jose, CA
1958,Atlanta, GA
1959,San Jose, CA
1960,St. Louis, MO
1961,Madison, WI 53703 (Madison area)
1962,Washington, DC
1963,Detroit, MI 48243 (Downtown area)
1964,San Francisco, CA
1965,Los Angeles, CA
1966,Atlanta, GA 30308 (Old Fourth Ward area)
1967,Aberdeen Proving Ground, MD
1968,San Francisco, CA
1969,New York, NY
1970,Fort Washington, PA
1971,Palo Alto, CA
1972,Atlanta, GA 30318 (Rockdale area)
1973,Chicago, IL
1974,New York, NY 10003 (Greenwich Village area)
1975,New York, NY
1976,Seattle, WA
1977,New York, NY
1978,San Francisco, CA
1979,Columbus, GA
1980,United States,NA
1981,San Diego, CA
1982,Orlando, FL
1983,San Jose, CA
1984,Houston, TX 77046 (Montrose area)
1985,New York, NY
1986,Washington, DC
1987,Redwood City, CA
1988,Los Angeles, CA
1989,Palo Alto, CA
1990,New York, NY
1991,Chicago, IL
1992,Seattle, WA
1993,San Francisco, CA
1994,Columbus, GA
1995,United States,NA
1996,Houston, TX
1997,Cleveland, OH
1998,Dearborn, MI 48124
1999,Palo Alto, CA 94301 (Professorville area)
2000,Boston, MA
2001,Sparks, NV
2002,San Francisco, CA
2003,Austin, TX 78716
2004,New York, NY
2005,New York, NY
2006,Cambridge, MA
2007,Danville, PA
2008,Smithfield, RI
2009,Work at Home,NA
2010,Augusta, GA
2011,Alameda Harbor, CA
2012,Manchester, NH
2013,Boston, MA 02298 (Central area)
2014,Arlington, VA 22209 (Radnor-Ft Myer Heights area)
2015,Tampa, FL
2016,Maryland,NA
2017,Englewood, CO 80111
2018,Tempe, AZ 85281
2019,San Jose, CA
2020,Troy, MI
2021,New York, NY
2022,South San Francisco, CA
2023,New York, NY 10020 (Midtown area)
2024,McLean, VA
2025,Burlington, MA
2026,San Francisco, CA 94103 (South Of Market area)
2027,Ashburn, VA
2028,Cambridge, MA
2029,Bentonville, AR 72712
2030,New York, NY
2031,Bentonville, AR 72712
2032,Washington, DC
2033,Washington, DC
2034,Washington, DC
2035,New York, NY 10011 (Chelsea area)
2036,New York, NY
2037,Santa Clara, CA
2038,Cambridge, MA
2039,Cleveland, OH 44124
2040,Springfield, VA 22150
2041,Cambridge, MA
2042,New York, NY
2043,New York, NY
2044,Cleveland, OH 44124
2045,Springfield, VA 22150
2046,New York, NY
2047,Reston, VA
2048,Alexandria, VA
2049,Herndon, VA
2050,Menasha, WI
2051,Oklahoma City, OK 73102
2052,Hoffman Estates, IL 60179
2053,Danbury, CT 06810
2054,Fairfax, VA
2055,Seattle, WA
2056,Springfield, VA
2057,Louisville, KY
2058,San Bruno, CA 94066
2059,Falls Church, VA
2060,Brooklyn, NY
2061,New York, NY
2062,New York, NY 10104 (Midtown area)
2063,Jersey City, NJ
2064,Reston, VA 20191
2065,San Francisco, CA
2066,San Jose, CA
2067,Tucson, AZ
2068,West Columbia, SC
2069,Bentonville, AR 72712
2070,San Diego, CA
2071,New York, NY 10104 (Midtown area)
2072,Des Moines, IA
2073,Bellevue, WA
2074,Westchester, IL
2075,San Diego, CA
2076,Jersey City, NJ
2077,Madison, WI
2078,Holmdel, NJ
2079,Denver, CO 80202 (Lodo area)
2080,New York, NY
2081,New York, NY
2082,New York, NY 10001 (Chelsea area)
2083,Bentonville, AR 72712
2084,New York, NY 10016 (Gramercy area)
2085,Washington, DC 20036 (Downtown area)
2086,Jersey City, NJ
2087,Bellevue, WA
2088,New York, NY
2089,Mountain View, CA 94043
2090,San Francisco, CA
2091,New York, NY
2092,Mountain View, CA 94043
2093,New York, NY
2094,San Francisco, CA
2095,San Francisco, CA
2096,Nashville, TN 37219
2097,Lexington, KY
2098,New York, NY 10104 (Midtown area)
2099,Charlotte, NC
2100,San Francisco, CA 94105 (Financial District area)
2101,San Francisco, CA
2102,Chicago, IL
2103,San Francisco, CA
2104,San Francisco, CA 94110 (Mission area)
2105,New York, NY 10029 (Yorkville area)
2106,Suitland, MD 20752
2107,Cupertino, CA
2108,East Hanover, NJ
2109,Minneapolis, MN
2110,Puyallup, WA
2111,New York, NY
2112,Austin, TX
2113,Charlotte, NC
2114,Fairfax, VA 22031
2115,Norwalk, CT
2116,Tampa, FL
2117,New York, NY
2118,New York, NY
2119,Herndon, VA 20171
2120,Lynchburg, VA
2121,Indiana,NA
2122,Los Gatos, CA
2123,Bellevue, WA 98004 (Downtown area)
2124,Pittsburgh, PA 15289 (Central Business District area)
2125,Menlo Park, CA 94025
2126,Long Island City, NY
2127,Long Island City, NY
2128,New York, NY
2129,United States,NA
2130,Philadelphia, PA 19107 (City Center East area)
2131,Indiana,NA
2132,Los Gatos, CA
2133,Bellevue, WA 98004 (Downtown area)
2134,Pittsburgh, PA 15289 (Central Business District area)
2135,Menlo Park, CA 94025
2136,Long Island City, NY
2137,Long Island City, NY
2138,New York, NY
2139,United States,NA
2140,Philadelphia, PA 19107 (City Center East area)
2141,Santa Clara, CA 95054
2142,Los Gatos, CA
2143,Minnetonka, MN
2144,New York, NY
2145,New York, NY 10016 (Gramercy area)
2146,El Segundo, CA 90245
2147,Portland, OR
2148,Lexington, MA
2149,San Francisco, CA
2150,Hollywood, CA 90028
2151,Hayward, CA
2152,New York, NY
2153,Buffalo, NY
2154,Stamford, CT
2155,Long Island City, NY
2156,Long Island City, NY
2157,Palo Alto, CA
2158,Los Gatos, CA
2159,Chesterfield, MO 63017
2160,New York, NY
2161,Oak Brook, IL
2162,Menlo Park, CA
2163,Seattle, WA
2164,Hayward, CA
2165,New York, NY
2166,Buffalo, NY
2167,Stamford, CT
2168,Long Island City, NY
2169,Long Island City, NY
2170,Palo Alto, CA
2171,Los Gatos, CA
2172,Chesterfield, MO 63017
2173,New York, NY
2174,New York, NY 10016 (Gramercy area)
2175,Reston, VA
2176,New York, NY
2177,Raleigh, NC 27616 (Northeast area)
2178,St. Louis, MO
2179,Glen Allen, VA 23059
2180,Glen Allen, VA
2181,San Francisco, CA
2182,Estero, FL 33928
2183,Seattle, WA
2184,New York, NY
2185,Honolulu, HI
2186,Boston, MA 02298 (Central area)
2187,Denver, CO
2188,San Francisco, CA
2189,Tysons Corner, VA
2190,Minneapolis, MN
2191,Denver, CO
2192,San Francisco, CA
2193,Tysons Corner, VA
2194,Minneapolis, MN
2195,San Jose, CA
2196,Newark, NJ
2197,California,NA
2198,San Francisco, CA
2199,Houston, TX 77046 (Montrose area)
2200,Houston, TX
2201,Milwaukee, WI 53224 (Calumet Farms area)
2202,Santa Cruz, CA 95060
2203,Sunnyvale, CA
2204,San Francisco, CA
2205,Boston, MA
2206,Fairfax, VA 22031
2207,Seattle, WA
2208,Tempe, AZ
2209,McLean, VA 22102
2210,Fairway, KS
2211,Reston, VA
2212,Bellevue, WA
2213,Golden Valley, MN
2214,Raleigh, NC
2215,San Diego, CA
2216,St. Louis, MO
2217,St. Louis, MO
2218,Baltimore, MD
2219,San Diego, CA 92129
2220,Burlingame, CA
2221,San Francisco Bay Area, CA
2222,Los Gatos, CA
2223,Los Gatos, CA
2224,Redmond, WA 98052
2225,Newark, NJ
2226,Boston, MA
2227,Santa Clara Valley, CA
2228,New York, NY
2229,Philadelphia, PA 19102 (City Center West area)
2230,New York, NY
2231,Danbury, CT 06810
2232,San Jose, CA 95131 (North Valley area)
2233,Virginia,NA
2234,San Francisco, CA
2235,Palo Alto, CA
2236,Washington, DC
2237,Mountain View, CA 94040
2238,Springfield, VA
2239,Lehi, UT 84043
2240,Washington, DC
2241,Washington, DC
2242,San Francisco Bay Area, CA
2243,Los Gatos, CA
2244,Los Gatos, CA
2245,Redmond, WA 98052
2246,Newark, NJ
2247,Boston, MA
2248,Santa Clara Valley, CA
2249,New York, NY
2250,Philadelphia, PA 19102 (City Center West area)
2251,Boston, MA 02109 (Central area)
2252,New York, NY
2253,New York, NY
2254,Richmond, VA
2255,New York, NY
2256,New York, NY
2257,Redmond, WA 98052
2258,New York, NY
2259,United States,NA
2260,Cambridge, MA
2261,South San Francisco, CA
2262,New York, NY
2263,San Mateo, CA
2264,Cincinnati, OH
2265,Palo Alto, CA
2266,Irvine, CA
2267,San Francisco, CA
2268,San Jose, CA
2269,New York, NY
2270,New York, NY 10018 (Clinton area)
2271,Aurora, CO 80011 (Norfolk Glen area)
2272,Woodlawn, MD
2273,Mountain View, CA
2274,Deerfield Beach, FL
2275,Houston, TX
2276,Washington, DC
2277,Orlando, FL
2278,Reston, VA
2279,Aberdeen, MD
2280,San Francisco, CA
2281,Houston, TX
2282,Washington, DC
2283,Orlando, FL
2284,New York, NY
2285,Reston, VA
2286,Aberdeen, MD
2287,McLean, VA
2288,San Francisco, CA
2289,Skillman, NJ
2290,Milpitas, CA 95035
2291,Reston, VA
2292,Los Angeles, CA
2293,Ada, MI
2294,Atlanta, GA
2295,Dulles, VA
2296,Dulles, VA
2297,Palo Alto, CA
2298,San Francisco, CA
2299,Los Angeles, CA
2300,New York, NY
2301,New York, NY
2302,Redondo Beach, CA 90278
2303,New York, NY
2304,New York, NY
2305,Chicago, IL
2306,San Francisco, CA
2307,Baltimore, MD
2308,Chicago, IL
2309,Seattle, WA
2310,Cambridge, MA
2311,Jersey City, NJ 07310 (Downtown area)
2312,Redondo Beach, CA 90278
2313,Chicago, IL
2314,San Francisco, CA
2315,Baltimore, MD
2316,Cambridge, MA
2317,Palo Alto, CA
2318,Santa Clara, CA 95054
2319,New York, NY 10281 (Battery Park area)
2320,Columbus, OH 43212
2321,Oklahoma City, OK 73120
2322,Bellevue, WA 98006 (Somerset area)
2323,New York, NY
2324,Burbank, CA
2325,New York, NY
2326,North Carolina,NA
2327,Windsor Mill, MD
2328,New York, NY
2329,Menlo Park, CA
2330,Chicago, IL
2331,Seattle, WA
2332,Tempe, AZ
2333,East Hartford, CT
2334,Seattle, WA
2335,Santa Clara, CA
2336,Maplewood, MN
2337,Sunnyvale, CA
2338,Newark, NJ
2339,New York, NY
2340,New York, NY
2341,Charlottesville, VA 22909 (North East area)
2342,Chicago, IL
2343,Queens, NY
2344,Schenectady, NY 12302
2345,Boston, MA
2346,Tampa, FL
2347,Falls Church, VA
2348,New York, NY
2349,Woodlawn, MD
2350,Portland, OR
2351,St. Louis, MO
2352,New York, NY
2353,St. Louis, MO 63121
2354,Berkeley Heights, NJ 07922
2355,Tampa, FL
2356,Lowell, AR
2357,Fort Lauderdale, FL
2358,Chicago, IL
2359,Herndon, VA 20171
2360,New York, NY
2361,Newark, NJ
2362,Chicago, IL 60647 (Logan Square area)
2363,Washington, DC 20001 (Shaw area)
2364,Burlington, MA
2365,Riverwoods, IL
2366,Cambridge, MA
2367,West Chester, PA
2368,San Francisco, CA
2369,New York, NY
2370,Seattle, WA 98104 (First Hill area)
2371,San Francisco, CA
2372,Charlotte, NC 28255 (Wilmore area)
2373,Chapel Hill, NC
2374,Chicago, IL
2375,Newark, NJ
2376,New York, NY 10019 (Midtown area)
2377,Philadelphia, PA 19103 (Belmont area)
2378,New York, NY 10154 (Midtown area)
2379,Hartford, CT 06156
2380,Redmond, WA 98052
2381,San Antonio, TX
2382,Quantico, VA
2383,Fort Meade, MD
2384,Burlington, MA
2385,Lake County, IL
2386,Raleigh, NC
2387,Irvine, CA
2388,Morrisville, NC
2389,Downers Grove, IL
2390,San Francisco, CA 94107 (South Of Market area)
2391,Albuquerque, NM
2392,Cambridge, MA
2393,Plantation, FL
2394,New York, NY
2395,New York, NY
2396,Falls Church, VA
2397,Sunnyvale, CA
2398,El Segundo, CA
2399,Mountain View, CA 94039
2400,Southfield, MI 48076
2401,Hartford, CT 06156
2402,Seattle, WA 98104 (First Hill area)
2403,San Diego, CA 92121
2404,San Jose, CA
2405,Herndon, VA 20170
2406,Santa Clara, CA
2407,McLean, VA
2408,Buckley AFB, CO
2409,Painted Post, NY 14870
2410,Lexington, MA
2411,Malvern, PA
2412,Detroit, MI
2413,Manchester, NH
2414,McLean, VA
2415,Riverdale, MD
2416,Hampton, VA 23669 (Downtown area)
2417,San Antonio, TX
2418,Quantico, VA
2419,Fort Meade, MD
2420,Burlington, MA
2421,Lake County, IL
2422,Raleigh, NC
2423,Irvine, CA
2424,Morrisville, NC
2425,Downers Grove, IL
2426,San Francisco, CA 94107 (South Of Market area)
2427,Los Gatos, CA
2428,Hayward, CA
2429,Universal City, CA
2430,Grand Rapids, MI
2431,Los Gatos, CA
2432,Hayward, CA
2433,Universal City, CA
2434,Grand Rapids, MI
2435,Chicago, IL 60661 (Near West Side area)
2436,San Francisco, CA 94107 (South Of Market area)
2437,Boca Raton, FL
2438,San Bruno, CA
2439,New York, NY 10001 (Chelsea area)
2440,Bolingbrook, IL 60440
2441,Plymouth Meeting, PA
2442,Denver, CO 80230 (Central East Denver area)
2443,Basking Ridge, NJ
2444,Bolingbrook, IL 60440
2445,Columbia, MD 21046
2446,San Antonio, TX 78234 (Monte Vista area)
2447,Chesterfield, MO 63017
2448,Redmond, WA 98052
2449,Raleigh, NC
2450,Austin, TX
2451,Santa Clara, CA
2452,San Jose, CA
2453,Washington, DC 20005 (Logan Circle area)
2454,Springfield, VA
2455,San Mateo, CA
2456,Seattle, WA
2457,Chicago, IL 60603 (Loop area)
2458,San Francisco, CA
2459,Rockville, MD 20850
2460,Houston, TX
2461,Lake County, IL
2462,New York, NY 10002 (Lower East Side area)
2463,Schenectady, NY 12302
2464,Santa Clara, CA
2465,Santa Clara Valley, CA
2466,Seattle, WA
2467,Los Angeles, CA 90071
2468,Bethesda, MD 20813
2469,Austin, TX
2470,Sunnyvale, CA
2471,Los Angeles, CA 90071
2472,Bethesda, MD 20813
2473,Seattle, WA
2474,Fairfax, VA
2475,Arlington, VA 22209 (Radnor-Ft Myer Heights area)
2476,Chantilly, VA
2477,San Francisco, CA
2478,Windsor Mill, MD
2479,Palo Alto, CA
2480,San Mateo, CA
2481,Alexandria, VA
2482,Philadelphia, PA 19103 (Belmont area)
2483,Seattle, WA
2484,Palo Alto, CA
2485,Washington, DC
2486,Boston, MA 02116 (South End area)
2487,Baltimore, MD
2488,St. Louis, MO
2489,Chicago, IL
2490,Austin, TX
2491,Seattle, WA
2492,San Jose, CA 95131 (North Valley area)
2493,Mayfield Village, OH
2494,Cambridge, MA
2495,Chicago, IL
2496,San Francisco, CA
2497,Los Angeles, CA
2498,East Hanover, NJ
2499,Spring House, PA
2500,Reston, VA
2501,Houston, TX
2502,Silver Spring, MD 20910
2503,Chicago, IL
2504,New York, NY 10019 (Midtown area)
2505,San Francisco, CA 94103 (South Of Market area)
2506,San Francisco, CA 94102 (Downtown area)
2507,United States,NA
2508,New York, NY 10171 (Midtown area)
2509,Santa Clara, CA
2510,McLean, VA
2511,Springfield, VA 22153
2512,Sunnyvale, CA
2513,Manhattan Beach, CA
2514,Boston, MA
2515,Minneapolis, MN 55402 (Downtown West area)
2516,San Francisco, CA
2517,Charleston, SC 29403
2518,New York, NY 10176 (Murray Hill area)
2519,Westlake Village, CA
2520,Richmond, VA
2521,Atlanta, GA
2522,California,NA
2523,East Hanover, NJ
2524,Waltham, MA
2525,Oakland, CA
2526,Seattle, WA
2527,Newark, NJ
2528,San Diego, CA
2529,Hayward, CA
2530,Austin, TX
2531,Washington, DC
2532,Seattle, WA
2533,San Jose, CA 95131 (North Valley area)
2534,Mayfield Village, OH
2535,Cambridge, MA
2536,Chicago, IL
2537,San Francisco, CA
2538,Los Angeles, CA
2539,East Hanover, NJ
2540,San Jose, CA
2541,Grand Rapids, MI
2542,Hartford, CT
2543,Foster City, CA
2544,Davis, CA
2545,Richmond, VA
2546,Redwood City, CA
2547,Austin, TX
2548,New York, NY
2549,Redmond, WA 98052
2550,New York, NY 10011 (Chelsea area)
2551,Philadelphia, PA
2552,Mayfield Village, OH
2553,Dayton, OH 45410 (Walnut Hills area)
2554,Portland, OR
2555,San Jose, CA
2556,Remote,NA
2557,Cary, NC
2558,West Point, PA
2559,Los Angeles, CA
2560,San Mateo, CA
2561,San Jose, CA
2562,Greenbelt, MD
2563,Redmond, WA
2564,San Diego, CA
2565,San Diego, CA
2566,Spring House, PA
2567,Mountain View, CA
2568,Des Plaines, IL
2569,Draper, UT
2570,Lewisville, TX 75067
2571,Boston, MA
2572,Boston, MA
2573,Waltham, MA 02451
2574,North Brunswick, NJ
2575,Bloomfield Hills, MI
2576,Palo Alto, CA
2577,Chicago, IL 60606 (Loop area)
2578,Arlington, TX 76011 (East area)
2579,Charles Town, WV
2580,White Bear Lake, MN 55110
2581,San Luis Obispo, CA 93401
2582,San Jose, CA
2583,Pittsburgh, PA
2584,Seattle, WA
2585,California,NA
2586,Cambridge, MA
2587,Holmdel, NJ 07733
2588,Hamburg, NY
2589,East Hartford, CT
2590,Plymouth, MN 55441
2591,Boston, MA 02116 (South End area)
2592,Hill AFB, UT
2593,Dayton, OH
2594,McLean, VA
2595,Havre de Grace, MD 21078
2596,Fort Meade, MD
2597,Arlington, VA
2598,Huntsville, AL
2599,St. Louis, MO
2600,Santa Clara, CA
2601,Hill AFB, UT
2602,Dayton, OH
2603,McLean, VA
2604,Havre de Grace, MD 21078
2605,Fort Meade, MD
2606,Arlington, VA
2607,Huntsville, AL
2608,Santa Clara, CA
2609,Township of Lawrence, NJ 08648
2610,Boston, MA
2611,Hamburg, NY
2612,East Hartford, CT
2613,Annapolis Junction, MD
2614,San Diego, CA
2615,Fort Belvoir, VA
2616,New York, NY
2617,New York, NY
2618,United States,NA
2619,Boston, MA
2620,Boston, MA
2621,Annapolis Junction, MD
2622,San Diego, CA
2623,Fort Belvoir, VA
2624,United States,NA
2625,Boston, MA
2626,Boston, MA
2627,Arlington, VA
2628,Waltham, MA 02451
2629,North Brunswick, NJ
2630,Bloomfield Hills, MI
2631,Palo Alto, CA
2632,Chicago, IL 60606 (Loop area)
2633,Arlington, TX 76011 (East area)
2634,Charles Town, WV
2635,White Bear Lake, MN 55110
2636,Rockville, MD
2637,Williamsburg, VA
2638,San Jose, CA
2639,Malvern, PA
2640,Laurel, MD
2641,Seattle, WA
2642,Washington, DC
2643,Itasca, IL
2644,Washington, DC
2645,Fayetteville, NC
2646,United States,NA
2647,Portland, OR 97204 (Downtown area)
2648,Framingham, MA
2649,Lansing, MI
2650,Mountain View, CA
2651,Irvine, CA 92612
2652,Foster City, CA
2653,Chicago, IL 60606 (Loop area)
2654,Silver Spring, MD 20910
2655,Cambridge, MA 02140 (North Cambridge area)
2656,Rensselaer, NY 12144
2657,Atlanta, GA 30309 (Midtown area)
2658,Seattle, WA
2659,Malvern, PA
2660,Tampa, FL
2661,San Francisco, CA
2662,Reston, VA
2663,Katy, TX
2664,Irving, TX
2665,San Francisco, CA 94107 (South Of Market area)
2666,San Francisco, CA
2667,Aberdeen, MD 21001
2668,Bethesda, MD
2669,Boulder, CO
2670,Mountain View, CA 94041
2671,Irving, TX
2672,San Francisco, CA 94107 (South Of Market area)
2673,San Francisco, CA
2674,Aberdeen, MD 21001
2675,Bethesda, MD
2676,Boulder, CO
2677,Mountain View, CA 94041
2678,Los Angeles, CA
2679,Plymouth, MI
2680,New York, NY 10018 (Clinton area)
2681,Chicago, IL
2682,Bellevue, WA 98006 (Somerset area)
2683,Corning, NY 14830
2684,Albany, NY 12203 (Campus Area-University District area)
2685,Cambridge, MA
2686,Cambridge, MA
2687,Madison, WI 53713
2688,Orrville, OH 44667
2689,Norwood, MA 02062
2690,McLean, VA
2691,Corning, NY 14830
2692,Albany, NY 12203 (Campus Area-University District area)
2693,Cambridge, MA
2694,Cambridge, MA
2695,Madison, WI 53713
2696,Orrville, OH 44667
2697,Norwood, MA 02062
2698,McLean, VA
2699,Boston, MA
2700,New Haven, CT 06511 (Newhallville area)
2701,Lackland AFB, TX
2702,Arlington, VA
2703,Akron, OH
2704,Cambridge, MA
2705,Oak Ridge, TN 37830
2706,Los Angeles, CA
2707,Sunnyvale, CA
2708,Bellevue, WA
2709,Alexandria, VA 22311 (Alexandria Wrest area)
2710,Cambridge, MA
2711,Malvern, PA
2712,Alexandria, VA
2713,Gwynedd, PA
2714,Schaumburg, IL
2715,Fairborn, OH
2716,Cambridge, MA 02138 (West Cambridge area)
2717,Arlington, VA 22202 (Aurora Highlands area)
2718,Patuxent River, MD 20670
2719,Des Moines, IA 50317 (Gray's Woods area)
2720,Kirkland, WA
2721,Cambridge, MA
2722,Nashua, NH
2723,Sunnyvale, CA
2724,Seattle, WA 98109 (Westlake area)
2725,Home Based,NA
2726,Hershey, PA
2727,Worcester, MA 01605
2728,Farmington, CT
2729,New York, NY 10019 (Midtown area)
2730,Seattle, WA
2731,Anaheim, CA
2732,Cambridge, MA
2733,Nashua, NH
2734,Sunnyvale, CA
2735,Seattle, WA 98109 (Westlake area)
2736,Home Based,NA
2737,Hershey, PA
2738,Worcester, MA 01605
2739,Farmington, CT
2740,Seattle, WA
2741,Chicago, IL
2742,San Francisco, CA
2743,Research Triangle Park, NC
2744,Denver, CO
2745,Malvern, PA
2746,Santa Clara, CA 95054
2747,San Francisco, CA
2748,Arlington, VA
2749,Schaumburg, IL 60173
2750,Trenton, NJ 08618 (Wilbur area)
2751,Clifton, NJ 07015
2752,Somerville, NJ
2753,Cambridge, MA
2754,Atlanta, GA
2755,Charlotte, NC 28255 (Wilmore area)
2756,New York, NY
2757,Mountain View, CA
2758,Arlington, VA 22203 (Bluemont area)
2759,Santa Clara Valley, CA
2760,Seattle, WA
2761,Research Triangle Park, NC
2762,Vienna, VA
2763,Charlotte, NC 28255 (Wilmore area)
2764,Arlington, VA 22203 (Bluemont area)
2765,Santa Clara Valley, CA
2766,Seattle, WA
2767,Seattle, WA
2768,Sunnyvale, CA 94089
2769,Mountain View, CA
2770,Bedford, MA 01730
2771,Albuquerque, NM
2772,Houston, TX
2773,Bellevue, WA 98006 (Somerset area)
2774,Malvern, PA
2775,San Diego, CA 92108
2776,Timonium, MD
2777,Gwynedd, PA
2778,Schaumburg, IL
2779,Fairborn, OH
2780,Cambridge, MA 02138 (West Cambridge area)
2781,Arlington, VA 22202 (Aurora Highlands area)
2782,Patuxent River, MD 20670
2783,New York, NY 10036
2784,Des Moines, IA 50317 (Gray's Woods area)
2785,Kirkland, WA
2786,Las Vegas, NV
2787,Washington, DC
2788,Holmdel, NJ 07733
2789,Farmington, CT
2790,Seattle, WA
2791,Rosedale, IN
2792,Coral Gables, FL
2793,Santa Clara, CA
2794,Mountain View, CA 94041
2795,Fort Meade, MD
2796,Fort Meade, MD
2797,New York, NY
2798,Raleigh-Durham, NC
2799,Boston, MA 02110 (Central area)
2800,Aberdeen, MD
2801,Houston, TX
2802,Mountain View, CA
2803,Buffalo, NY
2804,San Diego, CA
2805,Fort Meade, MD
2806,Seattle, WA
2807,Chicago, IL 60654 (Loop area)
2808,Dulles, VA
2809,Dulles, VA
2810,Arlington, VA
2811,New Jersey,NA
2812,Baltimore, MD
2813,Chicago, IL
2814,Chicago, IL 60654 (Loop area)
2815,Los Angeles, CA
2816,Mechanicsburg, PA
2817,Redwood City, CA
2818,Stamford, CT
2819,Framingham, MA
2820,Herndon, VA
2821,Jacksonville, FL 32256
2822,Richmond, VA
2823,Cambridge, MA
2824,Minneapolis, MN
2825,Aberdeen Proving Ground, MD 21010
2826,Naperville, IL
2827,Washington, DC
2828,San Jose, CA
2829,Moline, IL
2830,Chestnut Ridge, NY
2831,Radnor, PA
2832,Austin, TX
2833,Basking Ridge, NJ
2834,McLean, VA
2835,Irvine, CA 92602
2836,Atlanta, GA
2837,Atlanta, GA
2838,Palo Alto, CA
2839,San Francisco, CA
2840,New York, NY 10007 (Financial District area)
2841,Reston, VA 20191
2842,Alexandria, VA
2843,Seattle, WA
2844,Fort Meade, MD
2845,Fort Meade, MD 20755
2846,New York, NY 10167 (Midtown area)
2847,McLean, VA
2848,Georgia,NA
2849,Southfield, MI 48076
2850,Fort Meade, MD
2851,San Francisco, CA
2852,Remote,NA
2853,Aberdeen, MD
2854,San Diego, CA
2855,Brooklyn, NY 11201
2856,San Francisco, CA
2857,Seattle, WA
2858,San Francisco, CA
2859,Framingham, MA 01702
2860,Aberdeen, MD 21001
2861,Skaneateles Falls, NY
2862,Centennial, CO
2863,Cleveland, OH
2864,San Jose, CA
2865,New York, NY 10002 (Lower East Side area)
2866,New York, NY
2867,San Francisco, CA 94105 (Financial District area)
2868,Reston, VA 20191
2869,Boston, MA
2870,San Francisco, CA
2871,Boston, MA
2872,San Francisco, CA
2873,Reston, VA
2874,Santa Maria, CA 93455
2875,Albuquerque, NM
2876,Aberdeen, MD
2877,Hayward, CA
2878,St. Louis, MO
2879,San Antonio, TX 78205 (Downtown area)
2880,Seattle, WA
2881,Lexington, MA 02421
2882,St. Louis, MO
2883,New York, NY
2884,Devens, MA
2885,Des Plaines, IL
2886,Sunnyvale, CA
2887,San Jose, CA
2888,Dublin, CA
2889,Kalamazoo, MI 49007 (West Douglas area)
2890,Allendale, NJ
2891,Sunnyvale, CA
2892,San Jose, CA
2893,Dublin, CA
2894,Allendale, NJ
2895,Kalamazoo, MI 49007 (West Douglas area)
2896,Milford, MA 01757
2897,Danvers, MA
2898,San Francisco, CA
2899,Stamford, CT 06902 (Downtown area)
2900,San Francisco, CA
2901,Suitland, MD 20752
2902,Arlington, VA
2903,Washington, DC
2904,Gaithersburg, MD
2905,Santa Rosa, CA
2906,Tucson, AZ 85756
2907,Pittsburgh, PA 15212
2908,Palo Alto, CA
2909,Mountain View, CA 94041
2910,Woburn, MA 01801
2911,United States,NA
2912,New York, NY
2913,Irvine, CA 92618
2914,Atlanta, GA
2915,Madison, WI
2916,New York, NY
2917,Malvern, PA
2918,New York, NY 10019 (Midtown area)
2919,Alexandria, VA 22311 (Alexandria Wrest area)
2920,Palo Alto, CA 94301 (Professorville area)
2921,Stamford, CT 06902 (Downtown area)
2922,Cambridge, MA
2923,Portland, OR 97211 (Concordia area)
2924,New York, NY
2925,Palo Alto, CA
2926,Pittsburgh, PA 15219 (Middle Hill area)
2927,McLean, VA
2928,Moffett Field, CA
2929,Tampa, FL
2930,Aberdeen Proving Ground, MD
2931,Tampa, FL
2932,Aberdeen Proving Ground, MD
2933,Portland, OR 97211 (Concordia area)
2934,Palo Alto, CA
2935,Columbus, OH
2936,Pittsburgh, PA 15219 (Middle Hill area)
2937,Memphis, TN
2938,Moffett Field, CA
2939,Arlington, VA 22209 (Radnor-Ft Myer Heights area)
2940,San Diego, CA
2941,Sunnyvale, CA
2942,San Antonio, TX
2943,Boston, MA
2944,Portland, OR
2945,Falls Church, VA
2946,Bentonville, AR 72712
2947,Home Based,NA
2948,Cincinnati, OH
2949,Seattle, WA
2950,McLean, VA
2951,Mountain View, CA
2952,Berkeley, CA 94720
2953,Santa Clara Valley, CA
2954,San Carlos, CA 94070
2955,Santa Rosa, CA
2956,San Francisco, CA
2957,Kenilworth, NJ
2958,New York, NY
2959,San Diego, CA
2960,Boston, MA
2961,Bend, OR
2962,Malvern, PA
2963,Santa Clara Valley, CA
2964,Atlanta, GA
2965,Richmond, VA
2966,Springfield, VA
2967,United States,NA
2968,New York, NY 10019 (Midtown area)
2969,Sudbury, MA
2970,New York, NY
2971,New York, NY
2972,Lexington, MA 02421
2973,Towson, MD
2974,St. Louis, MO
2975,New York, NY
2976,Devens, MA
2977,Des Plaines, IL
2978,Pennsylvania,NA
2979,Sunnyvale, CA
2980,San Jose, CA
2981,New York, NY
2982,Devens, MA
2983,Des Plaines, IL
2984,Pennsylvania,NA
2985,Sunnyvale, CA
2986,San Jose, CA
2987,Dublin, CA
2988,Allendale, NJ
2989,Kalamazoo, MI 49007 (West Douglas area)
2990,Milford, MA 01757
2991,Danvers, MA
2992,San Francisco, CA
2993,Stamford, CT 06902 (Downtown area)
2994,Salt Lake City, UT
2995,San Francisco, CA
2996,Pittsburgh, PA 15289 (Central Business District area)
2997,New York, NY 10017 (Midtown area)
2998,St. Louis, MO 63134
2999,Richardson, TX
3000,New York, NY 10004 (Financial District area)
